"cross_count","num_crossed","total_trials","frac_crossed"
1,12793,5e+05,0.025586
2,1734,5e+05,0.003468
3,200,5e+05,4e-04
4,26,5e+05,5.2e-05
5,6,5e+05,1.2e-05
6,0,5e+05,0
